{
  "execPath": "C:/Users/nalbuque/.platformio/packages/toolchain-xtensa/bin/xtensa-lx106-elf-g++.exe",
  "gccDefaultCFlags": "-fsyntax-only -std=gnu99 -Wpointer-arith -Wno-implicit-function-declaration -Wl,-EL -fno-inline-functions -nostdlib -Os -mlongcalls -mtext-section-literals -falign-functions=4 -ffunction-sections -fdata-sections -DARDUINO=20300 -DLWIP_OPEN_SRC -DF_CPU=80000000L -D__ets__ -DICACHE_FLASH -DPLATFORMIO=30500 -DESP8266 -DARDUINO_ARCH_ESP8266 -DARDUINO_ESP8266_ESP01 -U__STRICT_ANSI__",
  "gccDefaultCppFlags": "-fsyntax-only -fno-rtti -fno-exceptions -std=c++11 -Os -mlongcalls -mtext-section-literals -falign-functions=4 -ffunction-sections -fdata-sections -DARDUINO=20300 -DLWIP_OPEN_SRC -DF_CPU=80000000L -D__ets__ -DICACHE_FLASH -DPLATFORMIO=30500 -DESP8266 -DARDUINO_ARCH_ESP8266 -DARDUINO_ESP8266_ESP01 -U__STRICT_ANSI__",
  "gccErrorLimit": 15,
  "gccIncludePaths": "C:/Users/nalbuque/.platformio/packages/framework-arduinoespressif8266/tools/sdk/include,C:/Users/nalbuque/.platformio/packages/framework-arduinoespressif8266/tools/sdk/lwip/include,C:/Users/nalbuque/.platformio/packages/framework-arduinoespressif8266/cores/esp8266,C:/Users/nalbuque/.platformio/packages/framework-arduinoespressif8266/variants/generic,C:/Users/nalbuque/Google Drive/2017/GitHub/IoT-SONOFF-Touch/src,C:/Users/nalbuque/.platformio/packages/framework-arduinoespressif8266/libraries/ESP8266WiFi/src,C:/Users/nalbuque/.platformio/packages/framework-arduinoespressif8266/libraries/ESP8266mDNS,C:/Users/nalbuque/.platformio/packages/framework-arduinoespressif8266/libraries/ArduinoOTA,C:/Users/nalbuque/.platformio/lib/ArduinoJson_ID64/src,C:/Users/nalbuque/.platformio/packages/framework-arduinoespressif8266/libraries/EEPROM,C:/Users/nalbuque/.platformio/lib/PubSubClient_ID89/src,C:/Users/nalbuque/.platformio/lib/Adafruit Unified Sensor_ID31,C:/Users/nalbuque/.platformio/lib/DHT sensor library_ID19,C:/Users/nalbuque/Google Drive/2017/GitHub/IoT-SONOFF-Touch/lib/hfiles,C:/Users/nalbuque/Google Drive/2017/GitHub/IoT-SONOFF-Touch/lib/hfiles,C:/Users/nalbuque/.platformio/lib/Adafruit Unified Sensor_ID31,C:/Users/nalbuque/.platformio/lib/ArduinoJson_ID64/src,C:/Users/nalbuque/.platformio/lib/ArduinoJson_ID64/src,C:/Users/nalbuque/.platformio/lib/DHT sensor library_ID19,C:/Users/nalbuque/.platformio/lib/Adafruit Unified Sensor_ID31,C:/Users/nalbuque/.platformio/lib/DHT sensor library_ID19,C:/Users/nalbuque/.platformio/lib/PubSubClient_ID89/src,C:/Users/nalbuque/.platformio/lib/PubSubClient_ID89/src,C:/Users/nalbuque/.platformio/packages/framework-arduinoespressif8266/libraries/ArduinoOTA,C:/Users/nalbuque/.platformio/packages/framework-arduinoespressif8266/libraries/DNSServer/src,C:/Users/nalbuque/.platformio/packages/framework-arduinoespressif8266/libraries/EEPROM,C:/Users/nalbuque/.platformio/packages/framework-arduinoespressif8266/libraries/ESP8266AVRISP/src,C:/Users/nalbuque/.platformio/packages/framework-arduinoespressif8266/libraries/ESP8266HTTPClient/src,C:/Users/nalbuque/.platformio/packages/framework-arduinoespressif8266/libraries/ESP8266HTTPUpdateServer/src,C:/Users/nalbuque/.platformio/packages/framework-arduinoespressif8266/libraries/ESP8266SSDP,C:/Users/nalbuque/.platformio/packages/framework-arduinoespressif8266/libraries/ESP8266WebServer/src,C:/Users/nalbuque/.platformio/packages/framework-arduinoespressif8266/libraries/ESP8266WiFi/src,C:/Users/nalbuque/.platformio/packages/framework-arduinoespressif8266/libraries/ESP8266WiFiMesh/src,C:/Users/nalbuque/.platformio/packages/framework-arduinoespressif8266/libraries/ESP8266httpUpdate/src,C:/Users/nalbuque/.platformio/packages/framework-arduinoespressif8266/libraries/ESP8266mDNS,C:/Users/nalbuque/.platformio/packages/framework-arduinoespressif8266/libraries/Ethernet/src,C:/Users/nalbuque/.platformio/packages/framework-arduinoespressif8266/libraries/GDBStub/src,C:/Users/nalbuque/.platformio/packages/framework-arduinoespressif8266/libraries/Hash/src,C:/Users/nalbuque/.platformio/packages/framework-arduinoespressif8266/libraries/SD/src,C:/Users/nalbuque/.platformio/packages/framework-arduinoespressif8266/libraries/SPI,C:/Users/nalbuque/.platformio/packages/framework-arduinoespressif8266/libraries/Servo/src,C:/Users/nalbuque/.platformio/packages/framework-arduinoespressif8266/libraries/SoftwareSerial,C:/Users/nalbuque/.platformio/packages/framework-arduinoespressif8266/libraries/TFT_Touch_Shield_V2,C:/Users/nalbuque/.platformio/packages/framework-arduinoespressif8266/libraries/Ticker,C:/Users/nalbuque/.platformio/packages/framework-arduinoespressif8266/libraries/Wire,C:/Users/nalbuque/.platformio/packages/framework-arduinoespressif8266/libraries/esp8266/src,C:/Users/nalbuque/.platformio/packages/toolchain-xtensa/xtensa-lx106-elf/include,C:/Users/nalbuque/.platformio/packages/toolchain-xtensa/xtensa-lx106-elf/include/c++/4.8.2,C:/Users/nalbuque/.platformio/packages/toolchain-xtensa/xtensa-lx106-elf/include/c++/4.8.2/xtensa-lx106-elf,C:/Users/nalbuque/.platformio/packages/toolchain-xtensa/lib/gcc/xtensa-lx106-elf/4.8.2/include,C:/Users/nalbuque/.platformio/packages/toolchain-xtensa/lib/gcc/xtensa-lx106-elf/4.8.2/include-fixed,C:/Users/nalbuque/.platformio/packages/tool-unity",
  "gccSuppressWarnings": false
}
